<?xml version="1.0" encoding="UTF-8"?>
<metadata>
  <placeholder>
    <id>1</id>
    <name>FlowLayout-Frame-Tag</name>
    <description></description>
    <type>textframe</type>
    <domain>Hybris</domain>
    <domainid>4000</domainid>
    <class>3</class>
    <load>1</load>
    <sync>0</sync>
    <store>0</store>
    <lov>0</lov>
    <color name="green">
      <id>9</id>
    </color>
    <style></style>
    <styleid>0</styleid>
    <syncstateinvisible>1</syncstateinvisible>
    <loadconstraint>0</loadconstraint>
    <active>1</active>
    <timestamp></timestamp>
  </placeholder>
  <placeholder>
    <id>10</id>
    <name>TableCellData</name>
    <description></description>
    <type>text</type>
    <domain>Hybris</domain>
    <domainid>4000</domainid>
    <class>3</class>
    <load>1014</load>
    <sync>0</sync>
    <store>0</store>
    <lov>0</lov>
    <color name="purple">
      <id>7</id>
    </color>
    <style></style>
    <styleid>0</styleid>
    <syncstateinvisible>0</syncstateinvisible>
    <loadconstraint>0</loadconstraint>
    <active>1</active>
    <timestamp></timestamp>
  </placeholder>
</metadata>
